{"cameraMode":{"drawMode":0,"name":"Shaded","section":"Shading Mode"},"sceneLighting":false,"audioPlay":false,"sceneViewState":{"m_AlwaysRefresh":false,"showFog":true,"showSkybox":false,"showFlares":true,"showImageEffects":true,"showParticleSystems":true,"showVisualEffectGraphs":true,"m_FxEnabled":false},"in2DMode":false,"pivot":{"x":0.10054047405719757,"y":-0.20000000298023225,"z":-0.3608543872833252},"rotation":{"x":-0.03180243447422981,"y":-0.0207153782248497,"z":0.0005699492176063359,"w":-0.9994096159934998},"size":0.2199346125125885,"orthographic":false}