{"cameraMode":{"drawMode":0,"name":"Shaded","section":"Shading Mode"},"sceneLighting":true,"audioPlay":false,"sceneViewState":{"m_AlwaysRefresh":false,"showFog":true,"showSkybox":true,"showFlares":true,"showImageEffects":true,"showParticleSystems":true,"showVisualEffectGraphs":true,"m_FxEnabled":false},"in2DMode":false,"pivot":{"x":0.1961524337530136,"y":-1.1268107891082764,"z":-1.5638493299484254},"rotation":{"x":-0.05687924101948738,"y":0.05060960724949837,"z":0.0031458407174795868,"w":0.997189462184906},"size":3.3303394317626955,"orthographic":false}